detection_index,entry_index,exit_index,termination_index,status,reason,reference_entry,exit_reference_price,entry_price,exit_price,stop_price,target_price,gross_points,fill_pnl_points,net_points,net_dollars,fees_dollars,slippage_points,holding_bars,holding_minutes,mae_points,detection_timestamp,entry_timestamp,exit_timestamp,expiry_timestamp,pattern_id,direction,entry_kind,entry_offset_points,horizon,pending_bars,stop_points,target_points,balance_after_dollars
355759,355760,355762,355762,closed,target,18708.25,18704.25,18708.0,18704.5,18728.25,18704.25,4.0,3.5,3.0,60.0,10.0,0.5,3.0,3.0,15.25,2024-01-02 14:46:00+00:00,2024-01-02 14:46:00+00:00,2024-01-02 14:49:00+00:00,2024-01-02 14:56:00+00:00,compression_breakout_short_open_dc47874f8303,-1,market,0.0,10,1,20,4,50060.0
355762,355763,355763,355763,closed,target,18688.25,18684.25,18688.0,18684.5,18708.25,18684.25,4.0,3.5,3.0,60.0,10.0,0.5,1.0,1.0,2.25,2024-01-02 14:49:00+00:00,2024-01-02 14:49:00+00:00,2024-01-02 14:50:00+00:00,2024-01-02 14:59:00+00:00,compression_breakout_short_open_dc47874f8303,-1,market,0.0,10,1,20,4,50120.0
355763,355764,355765,355765,closed,stop,18678.75,18698.75,18678.5,18699.0,18698.75,18674.75,-20.0,-20.5,-21.0,-420.0,10.0,0.5,2.0,2.0,20.5,2024-01-02 14:50:00+00:00,2024-01-02 14:50:00+00:00,2024-01-02 14:52:00+00:00,2024-01-02 15:00:00+00:00,compression_breakout_short_open_dc47874f8303,-1,market,0.0,10,1,20,4,49700.0
355768,355769,355770,355770,closed,target,18674.75,18670.75,18674.5,18671.0,18694.75,18670.75,4.0,3.5,3.0,60.0,10.0,0.5,2.0,2.0,9.25,2024-01-02 14:55:00+00:00,2024-01-02 14:55:00+00:00,2024-01-02 14:57:00+00:00,2024-01-02 15:05:00+00:00,compression_breakout_short_open_dc47874f8303,-1,market,0.0,10,1,20,4,49760.0
355770,355771,355772,355772,closed,stop,18663.75,18683.75,18663.5,18684.0,18683.75,18659.75,-20.0,-20.5,-21.0,-420.0,10.0,0.5,2.0,2.0,25.75,2024-01-02 14:57:00+00:00,2024-01-02 14:57:00+00:00,2024-01-02 14:59:00+00:00,2024-01-02 15:07:00+00:00,compression_breakout_short_open_dc47874f8303,-1,market,0.0,10,1,20,4,49340.0
355811,355812,355818,355818,closed,stop,18637.75,18657.75,18637.5,18658.0,18657.75,18633.75,-20.0,-20.5,-21.0,-420.0,10.0,0.5,7.0,7.0,21.25,2024-01-02 15:38:00+00:00,2024-01-02 15:38:00+00:00,2024-01-02 15:45:00+00:00,2024-01-02 15:48:00+00:00,compression_breakout_short_open_dc47874f8303,-1,market,0.0,10,1,20,4,48920.0
357160,357161,357164,357164,closed,stop,18498.75,18518.75,18498.5,18519.0,18518.75,18494.75,-20.0,-20.5,-21.0,-420.0,10.0,0.5,4.0,4.0,28.0,2024-01-03 15:22:00+00:00,2024-01-03 15:22:00+00:00,2024-01-03 15:26:00+00:00,2024-01-03 15:32:00+00:00,compression_breakout_short_open_dc47874f8303,-1,market,0.0,10,1,20,4,48500.0
370546,370547,370547,370547,closed,target,18693.5,18689.5,18693.25,18689.75,18713.5,18689.5,4.0,3.5,3.0,60.0,10.0,0.5,1.0,1.0,2.0,2024-01-17 14:44:00+00:00,2024-01-17 14:44:00+00:00,2024-01-17 14:45:00+00:00,2024-01-17 14:54:00+00:00,compression_breakout_short_open_dc47874f8303,-1,market,0.0,10,1,20,4,48560.0
370563,370564,370565,370565,closed,stop,18632.5,18652.5,18632.25,18652.75,18652.5,18628.5,-20.0,-20.5,-21.0,-420.0,10.0,0.5,2.0,2.0,21.75,2024-01-17 15:01:00+00:00,2024-01-17 15:01:00+00:00,2024-01-17 15:03:00+00:00,2024-01-17 15:11:00+00:00,compression_breakout_short_open_dc47874f8303,-1,market,0.0,10,1,20,4,48140.0
374704,374705,374705,374705,closed,target,19399.5,19395.5,19399.25,19395.75,19419.5,19395.5,4.0,3.5,3.0,60.0,10.0,0.5,1.0,1.0,1.75,2024-01-22 15:47:00+00:00,2024-01-22 15:47:00+00:00,2024-01-22 15:48:00+00:00,2024-01-22 15:57:00+00:00,compression_breakout_short_open_dc47874f8303,-1,market,0.0,10,1,20,4,48200.0
384240,384241,384241,384241,closed,target,19268.0,19264.0,19267.75,19264.25,19288.0,19264.0,4.0,3.5,3.0,60.0,10.0,0.5,1.0,1.0,3.25,2024-01-31 15:29:00+00:00,2024-01-31 15:29:00+00:00,2024-01-31 15:30:00+00:00,2024-01-31 15:39:00+00:00,compression_breakout_short_open_dc47874f8303,-1,market,0.0,10,1,20,4,48260.0
384248,384249,384249,384249,closed,target,19235.75,19231.75,19235.5,19232.0,19255.75,19231.75,4.0,3.5,3.0,60.0,10.0,0.5,1.0,1.0,1.25,2024-01-31 15:37:00+00:00,2024-01-31 15:37:00+00:00,2024-01-31 15:38:00+00:00,2024-01-31 15:47:00+00:00,compression_breakout_short_open_dc47874f8303,-1,market,0.0,10,1,20,4,48320.0
389682,389683,389687,389687,closed,stop,19553.0,19573.0,19552.75,19573.25,19573.0,19549.0,-20.0,-20.5,-21.0,-420.0,10.0,0.5,5.0,5.0,32.25,2024-02-06 15:11:00+00:00,2024-02-06 15:11:00+00:00,2024-02-06 15:16:00+00:00,2024-02-06 15:21:00+00:00,compression_breakout_short_open_dc47874f8303,-1,market,0.0,10,1,20,4,47900.0
392432,392433,392435,392435,closed,stop,19769.0,19789.0,19768.75,19789.25,19789.0,19765.0,-20.0,-20.5,-21.0,-420.0,10.0,0.5,3.0,3.0,26.75,2024-02-08 15:31:00+00:00,2024-02-08 15:31:00+00:00,2024-02-08 15:34:00+00:00,2024-02-08 15:41:00+00:00,compression_breakout_short_open_dc47874f8303,-1,market,0.0,10,1,20,4,47480.0
399222,399223,399225,399225,closed,stop,19741.75,19761.75,19741.5,19762.0,19761.75,19737.75,-20.0,-20.5,-21.0,-420.0,10.0,0.5,3.0,3.0,26.25,2024-02-15 15:04:00+00:00,2024-02-15 15:04:00+00:00,2024-02-15 15:07:00+00:00,2024-02-15 15:14:00+00:00,compression_breakout_short_open_dc47874f8303,-1,market,0.0,10,1,20,4,47060.0
400584,400585,400585,400585,closed,target,19694.25,19690.25,19694.0,19690.5,19714.25,19690.25,4.0,3.5,3.0,60.0,10.0,0.5,1.0,1.0,1.0,2024-02-16 15:01:00+00:00,2024-02-16 15:01:00+00:00,2024-02-16 15:02:00+00:00,2024-02-16 15:11:00+00:00,compression_breakout_short_open_dc47874f8303,-1,market,0.0,10,1,20,4,47120.0
401948,401949,401949,401949,closed,target,19732.75,19728.75,19732.5,19729.0,19752.75,19728.75,4.0,3.5,3.0,60.0,10.0,0.5,1.0,1.0,0.75,2024-02-19 15:00:00+00:00,2024-02-19 15:00:00+00:00,2024-02-19 15:01:00+00:00,2024-02-19 15:10:00+00:00,compression_breakout_short_open_dc47874f8303,-1,market,0.0,10,1,20,4,47180.0
401974,401975,401984,401984,closed,timeout,19719.0,19724.75,19718.75,19725.0,19739.0,19715.0,-5.75,-6.25,-6.75,-135.0,10.0,0.5,10.0,10.0,8.25,2024-02-19 15:26:00+00:00,2024-02-19 15:26:00+00:00,2024-02-19 15:36:00+00:00,2024-02-19 15:36:00+00:00,compression_breakout_short_open_dc47874f8303,-1,market,0.0,10,1,20,4,47045.0
403080,403081,403081,403081,closed,target,19496.0,19492.0,19495.75,19492.25,19516.0,19492.0,4.0,3.5,3.0,60.0,10.0,0.5,1.0,1.0,1.5,2024-02-20 14:52:00+00:00,2024-02-20 14:52:00+00:00,2024-02-20 14:53:00+00:00,2024-02-20 15:02:00+00:00,compression_breakout_short_open_dc47874f8303,-1,market,0.0,10,1,20,4,47105.0
403081,403082,403083,403083,closed,stop,19488.75,19508.75,19488.5,19509.0,19508.75,19484.75,-20.0,-20.5,-21.0,-420.0,10.0,0.5,2.0,2.0,22.25,2024-02-20 14:53:00+00:00,2024-02-20 14:53:00+00:00,2024-02-20 14:55:00+00:00,2024-02-20 15:03:00+00:00,compression_breakout_short_open_dc47874f8303,-1,market,0.0,10,1,20,4,46685.0
416726,416727,416727,416727,closed,target,19981.0,19977.0,19980.75,19977.25,20001.0,19977.0,4.0,3.5,3.0,60.0,10.0,0.5,1.0,1.0,0.75,2024-03-05 14:48:00+00:00,2024-03-05 14:48:00+00:00,2024-03-05 14:49:00+00:00,2024-03-05 14:58:00+00:00,compression_breakout_short_open_dc47874f8303,-1,market,0.0,10,1,20,4,46745.0
416757,416758,416758,416758,closed,target,19918.5,19914.5,19918.25,19914.75,19938.5,19914.5,4.0,3.5,3.0,60.0,10.0,0.5,1.0,1.0,6.75,2024-03-05 15:19:00+00:00,2024-03-05 15:19:00+00:00,2024-03-05 15:20:00+00:00,2024-03-05 15:29:00+00:00,compression_breakout_short_open_dc47874f8303,-1,market,0.0,10,1,20,4,46805.0
416763,416764,416764,416764,closed,target,19900.5,19896.5,19900.25,19896.75,19920.5,19896.5,4.0,3.5,3.0,60.0,10.0,0.5,1.0,1.0,4.75,2024-03-05 15:25:00+00:00,2024-03-05 15:25:00+00:00,2024-03-05 15:26:00+00:00,2024-03-05 15:35:00+00:00,compression_breakout_short_open_dc47874f8303,-1,market,0.0,10,1,20,4,46865.0
416769,416770,416771,416771,closed,target,19889.75,19885.75,19889.5,19886.0,19909.75,19885.75,4.0,3.5,3.0,60.0,10.0,0.5,2.0,2.0,6.5,2024-03-05 15:31:00+00:00,2024-03-05 15:31:00+00:00,2024-03-05 15:33:00+00:00,2024-03-05 15:41:00+00:00,compression_breakout_short_open_dc47874f8303,-1,market,0.0,10,1,20,4,46925.0
423547,423548,423548,423548,closed,target,19902.25,19898.25,19902.0,19898.5,19922.25,19898.25,4.0,3.5,3.0,60.0,10.0,0.5,1.0,1.0,7.5,2024-03-12 13:44:00+00:00,2024-03-12 13:44:00+00:00,2024-03-12 13:45:00+00:00,2024-03-12 13:54:00+00:00,compression_breakout_short_open_dc47874f8303,-1,market,0.0,10,1,20,4,46985.0
423548,423549,423549,423549,closed,target,19896.25,19892.25,19896.0,19892.5,19916.25,19892.25,4.0,3.5,3.0,60.0,10.0,0.5,1.0,1.0,11.25,2024-03-12 13:45:00+00:00,2024-03-12 13:45:00+00:00,2024-03-12 13:46:00+00:00,2024-03-12 13:55:00+00:00,compression_breakout_short_open_dc47874f8303,-1,market,0.0,10,1,20,4,47045.0
423549,423550,423550,423550,closed,target,19883.25,19879.25,19883.0,19879.5,19903.25,19879.25,4.0,3.5,3.0,60.0,10.0,0.5,1.0,1.0,3.25,2024-03-12 13:46:00+00:00,2024-03-12 13:46:00+00:00,2024-03-12 13:47:00+00:00,2024-03-12 13:56:00+00:00,compression_breakout_short_open_dc47874f8303,-1,market,0.0,10,1,20,4,47105.0
426294,426295,426295,426295,closed,target,19904.75,19900.75,19904.5,19901.0,19924.75,19900.75,4.0,3.5,3.0,60.0,10.0,0.5,1.0,1.0,16.0,2024-03-14 14:01:00+00:00,2024-03-14 14:01:00+00:00,2024-03-14 14:02:00+00:00,2024-03-14 14:11:00+00:00,compression_breakout_short_open_dc47874f8303,-1,market,0.0,10,1,20,4,47165.0
429021,429022,429022,429022,closed,target,19992.75,19988.75,19992.5,19989.0,20012.75,19988.75,4.0,3.5,3.0,60.0,10.0,0.5,1.0,1.0,8.75,2024-03-18 13:58:00+00:00,2024-03-18 13:58:00+00:00,2024-03-18 13:59:00+00:00,2024-03-18 14:08:00+00:00,compression_breakout_short_open_dc47874f8303,-1,market,0.0,10,1,20,4,47225.0
431737,431738,431738,431738,closed,target,19956.0,19952.0,19955.75,19952.25,19976.0,19952.0,4.0,3.5,3.0,60.0,10.0,0.5,1.0,1.0,2.0,2024-03-20 13:44:00+00:00,2024-03-20 13:44:00+00:00,2024-03-20 13:45:00+00:00,2024-03-20 13:54:00+00:00,compression_breakout_short_open_dc47874f8303,-1,market,0.0,10,1,20,4,47285.0
431803,431804,431813,431813,closed,timeout,19944.75,19955.75,19944.5,19956.0,19964.75,19940.75,-11.0,-11.5,-12.0,-240.0,10.0,0.5,10.0,10.0,19.0,2024-03-20 14:50:00+00:00,2024-03-20 14:50:00+00:00,2024-03-20 15:00:00+00:00,2024-03-20 15:00:00+00:00,compression_breakout_short_open_dc47874f8303,-1,market,0.0,10,1,20,4,47045.0
434524,434525,434525,434525,closed,target,20202.25,20198.25,20202.0,20198.5,20222.25,20198.25,4.0,3.5,3.0,60.0,10.0,0.5,1.0,1.0,1.25,2024-03-22 14:41:00+00:00,2024-03-22 14:41:00+00:00,2024-03-22 14:42:00+00:00,2024-03-22 14:51:00+00:00,compression_breakout_short_open_dc47874f8303,-1,market,0.0,10,1,20,4,47105.0
438580,438581,438581,438581,closed,target,20120.5,20116.5,20120.25,20116.75,20140.5,20116.5,4.0,3.5,3.0,60.0,10.0,0.5,1.0,1.0,3.75,2024-03-27 14:02:00+00:00,2024-03-27 14:02:00+00:00,2024-03-27 14:03:00+00:00,2024-03-27 14:12:00+00:00,compression_breakout_short_open_dc47874f8303,-1,market,0.0,10,1,20,4,47165.0
438591,438592,438592,438592,closed,stop,20077.0,20097.0,20076.75,20097.25,20097.0,20073.0,-20.0,-20.5,-21.0,-420.0,10.0,0.5,1.0,1.0,25.25,2024-03-27 14:13:00+00:00,2024-03-27 14:13:00+00:00,2024-03-27 14:14:00+00:00,2024-03-27 14:23:00+00:00,compression_breakout_short_open_dc47874f8303,-1,market,0.0,10,1,20,4,46745.0
441346,441347,441347,441347,closed,target,20199.5,20195.5,20199.25,20195.75,20219.5,20195.5,4.0,3.5,3.0,60.0,10.0,0.5,1.0,1.0,2.0,2024-04-01 14:39:00+00:00,2024-04-01 14:39:00+00:00,2024-04-01 14:40:00+00:00,2024-04-01 14:49:00+00:00,compression_breakout_short_open_dc47874f8303,-1,market,0.0,10,1,20,4,46805.0
441359,441360,441360,441360,closed,target,20169.25,20165.25,20169.0,20165.5,20189.25,20165.25,4.0,3.5,3.0,60.0,10.0,0.5,1.0,1.0,2.25,2024-04-01 14:52:00+00:00,2024-04-01 14:52:00+00:00,2024-04-01 14:53:00+00:00,2024-04-01 15:02:00+00:00,compression_breakout_short_open_dc47874f8303,-1,market,0.0,10,1,20,4,46865.0
442729,442730,442730,442730,closed,target,19911.25,19907.25,19911.0,19907.5,19931.25,19907.25,4.0,3.5,3.0,60.0,10.0,0.5,1.0,1.0,3.0,2024-04-02 14:57:00+00:00,2024-04-02 14:57:00+00:00,2024-04-02 14:58:00+00:00,2024-04-02 15:07:00+00:00,compression_breakout_short_open_dc47874f8303,-1,market,0.0,10,1,20,4,46925.0
449534,449535,449538,449538,closed,stop,19911.0,19931.0,19910.75,19931.25,19931.0,19907.0,-20.0,-20.5,-21.0,-420.0,10.0,0.5,4.0,4.0,21.0,2024-04-09 14:37:00+00:00,2024-04-09 14:37:00+00:00,2024-04-09 14:41:00+00:00,2024-04-09 14:47:00+00:00,compression_breakout_short_open_dc47874f8303,-1,market,0.0,10,1,20,4,46505.0
449539,449540,449540,449540,closed,target,19901.5,19897.5,19901.25,19897.75,19921.5,19897.5,4.0,3.5,3.0,60.0,10.0,0.5,1.0,1.0,7.25,2024-04-09 14:42:00+00:00,2024-04-09 14:42:00+00:00,2024-04-09 14:43:00+00:00,2024-04-09 14:52:00+00:00,compression_breakout_short_open_dc47874f8303,-1,market,0.0,10,1,20,4,46565.0
449540,449541,449541,449541,closed,target,19885.25,19881.25,19885.0,19881.5,19905.25,19881.25,4.0,3.5,3.0,60.0,10.0,0.5,1.0,1.0,7.5,2024-04-09 14:43:00+00:00,2024-04-09 14:43:00+00:00,2024-04-09 14:44:00+00:00,2024-04-09 14:53:00+00:00,compression_breakout_short_open_dc47874f8303,-1,market,0.0,10,1,20,4,46625.0
449541,449542,449542,449542,closed,target,19873.25,19869.25,19873.0,19869.5,19893.25,19869.25,4.0,3.5,3.0,60.0,10.0,0.5,1.0,1.0,12.75,2024-04-09 14:44:00+00:00,2024-04-09 14:44:00+00:00,2024-04-09 14:45:00+00:00,2024-04-09 14:54:00+00:00,compression_breakout_short_open_dc47874f8303,-1,market,0.0,10,1,20,4,46685.0
450919,450920,450920,450920,closed,target,19833.75,19829.75,19833.5,19830.0,19853.75,19829.75,4.0,3.5,3.0,60.0,10.0,0.5,1.0,1.0,13.75,2024-04-10 14:58:00+00:00,2024-04-10 14:58:00+00:00,2024-04-10 14:59:00+00:00,2024-04-10 15:08:00+00:00,compression_breakout_short_open_dc47874f8303,-1,market,0.0,10,1,20,4,46745.0
453642,453643,453643,453643,closed,target,19905.25,19901.25,19905.0,19901.5,19925.25,19901.25,4.0,3.5,3.0,60.0,10.0,0.5,1.0,1.0,0.5,2024-04-12 14:52:00+00:00,2024-04-12 14:52:00+00:00,2024-04-12 14:53:00+00:00,2024-04-12 15:02:00+00:00,compression_breakout_short_open_dc47874f8303,-1,market,0.0,10,1,20,4,46805.0
453643,453644,453644,453644,closed,target,19898.5,19894.5,19898.25,19894.75,19918.5,19894.5,4.0,3.5,3.0,60.0,10.0,0.5,1.0,1.0,5.0,2024-04-12 14:53:00+00:00,2024-04-12 14:53:00+00:00,2024-04-12 14:54:00+00:00,2024-04-12 15:03:00+00:00,compression_breakout_short_open_dc47874f8303,-1,market,0.0,10,1,20,4,46865.0
456358,456359,456360,456360,closed,stop,19533.5,19553.5,19533.25,19553.75,19553.5,19529.5,-20.0,-20.5,-21.0,-420.0,10.0,0.5,2.0,2.0,20.25,2024-04-16 14:38:00+00:00,2024-04-16 14:38:00+00:00,2024-04-16 14:40:00+00:00,2024-04-16 14:48:00+00:00,compression_breakout_short_open_dc47874f8303,-1,market,0.0,10,1,20,4,46445.0
457683,457684,457686,457686,closed,target,19573.0,19569.0,19572.75,19569.25,19593.0,19569.0,4.0,3.5,3.0,60.0,10.0,0.5,3.0,3.0,15.25,2024-04-17 13:58:00+00:00,2024-04-17 13:58:00+00:00,2024-04-17 14:01:00+00:00,2024-04-17 14:08:00+00:00,compression_breakout_short_open_dc47874f8303,-1,market,0.0,10,1,20,4,46505.0
457708,457709,457709,457709,closed,target,19512.5,19508.5,19512.25,19508.75,19532.5,19508.5,4.0,3.5,3.0,60.0,10.0,0.5,1.0,1.0,2.5,2024-04-17 14:23:00+00:00,2024-04-17 14:23:00+00:00,2024-04-17 14:24:00+00:00,2024-04-17 14:33:00+00:00,compression_breakout_short_open_dc47874f8303,-1,market,0.0,10,1,20,4,46565.0
465928,465929,465931,465931,closed,target,19040.75,19036.75,19040.5,19037.0,19060.75,19036.75,4.0,3.5,3.0,60.0,10.0,0.5,3.0,3.0,7.75,2024-04-25 14:53:00+00:00,2024-04-25 14:53:00+00:00,2024-04-25 14:56:00+00:00,2024-04-25 15:03:00+00:00,compression_breakout_short_open_dc47874f8303,-1,market,0.0,10,1,20,4,46625.0
474085,474086,474086,474086,closed,target,19605.75,19601.75,19605.5,19602.0,19625.75,19601.75,4.0,3.5,3.0,60.0,10.0,0.5,1.0,1.0,15.25,2024-05-03 14:21:00+00:00,2024-05-03 14:21:00+00:00,2024-05-03 14:22:00+00:00,2024-05-03 14:31:00+00:00,compression_breakout_short_open_dc47874f8303,-1,market,0.0,10,1,20,4,46685.0
479509,479510,479511,479511,closed,stop,19808.25,19828.25,19808.0,19828.5,19828.25,19804.25,-20.0,-20.5,-21.0,-420.0,10.0,0.5,2.0,2.0,22.25,2024-05-09 13:50:00+00:00,2024-05-09 13:50:00+00:00,2024-05-09 13:52:00+00:00,2024-05-09 14:00:00+00:00,compression_breakout_short_open_dc47874f8303,-1,market,0.0,10,1,20,4,46265.0
480885,480886,480886,480886,closed,target,20001.5,19997.5,20001.25,19997.75,20021.5,19997.5,4.0,3.5,3.0,60.0,10.0,0.5,1.0,1.0,5.75,2024-05-10 14:01:00+00:00,2024-05-10 14:01:00+00:00,2024-05-10 14:02:00+00:00,2024-05-10 14:11:00+00:00,compression_breakout_short_open_dc47874f8303,-1,market,0.0,10,1,20,4,46325.0
480904,480905,480905,480905,closed,target,19946.75,19942.75,19946.5,19943.0,19966.75,19942.75,4.0,3.5,3.0,60.0,10.0,0.5,1.0,1.0,2.0,2024-05-10 14:20:00+00:00,2024-05-10 14:20:00+00:00,2024-05-10 14:21:00+00:00,2024-05-10 14:30:00+00:00,compression_breakout_short_open_dc47874f8303,-1,market,0.0,10,1,20,4,46385.0
480913,480914,480915,480915,closed,target,19925.75,19921.75,19925.5,19922.0,19945.75,19921.75,4.0,3.5,3.0,60.0,10.0,0.5,2.0,2.0,6.5,2024-05-10 14:29:00+00:00,2024-05-10 14:29:00+00:00,2024-05-10 14:31:00+00:00,2024-05-10 14:39:00+00:00,compression_breakout_short_open_dc47874f8303,-1,market,0.0,10,1,20,4,46445.0
482236,482237,482237,482237,closed,target,19953.0,19949.0,19952.75,19949.25,19973.0,19949.0,4.0,3.5,3.0,60.0,10.0,0.5,1.0,1.0,5.75,2024-05-13 13:47:00+00:00,2024-05-13 13:47:00+00:00,2024-05-13 13:48:00+00:00,2024-05-13 13:57:00+00:00,compression_breakout_short_open_dc47874f8303,-1,market,0.0,10,1,20,4,46505.0
487706,487707,487708,487708,closed,stop,20315.75,20335.75,20315.5,20336.0,20335.75,20311.75,-20.0,-20.5,-21.0,-420.0,10.0,0.5,2.0,2.0,20.25,2024-05-17 13:58:00+00:00,2024-05-17 13:58:00+00:00,2024-05-17 14:00:00+00:00,2024-05-17 14:08:00+00:00,compression_breakout_short_open_dc47874f8303,-1,market,0.0,10,1,20,4,46085.0
501132,501133,501133,501133,closed,target,20212.25,20208.25,20212.0,20208.5,20232.25,20208.25,4.0,3.5,3.0,60.0,10.0,0.5,1.0,1.0,6.75,2024-05-31 14:01:00+00:00,2024-05-31 14:01:00+00:00,2024-05-31 14:02:00+00:00,2024-05-31 14:11:00+00:00,compression_breakout_short_open_dc47874f8303,-1,market,0.0,10,1,20,4,46145.0
501162,501163,501164,501164,closed,target,20094.0,20090.0,20093.75,20090.25,20114.0,20090.0,4.0,3.5,3.0,60.0,10.0,0.5,2.0,2.0,5.5,2024-05-31 14:31:00+00:00,2024-05-31 14:31:00+00:00,2024-05-31 14:33:00+00:00,2024-05-31 14:41:00+00:00,compression_breakout_short_open_dc47874f8303,-1,market,0.0,10,1,20,4,46205.0
502552,502553,502555,502555,closed,stop,20265.5,20285.5,20265.25,20285.75,20285.5,20261.5,-20.0,-20.5,-21.0,-420.0,10.0,0.5,3.0,3.0,21.75,2024-06-03 14:56:00+00:00,2024-06-03 14:56:00+00:00,2024-06-03 14:59:00+00:00,2024-06-03 15:06:00+00:00,compression_breakout_short_open_dc47874f8303,-1,market,0.0,10,1,20,4,45785.0
510679,510680,510681,510681,closed,stop,20689.25,20709.25,20689.0,20709.5,20709.25,20685.25,-20.0,-20.5,-21.0,-420.0,10.0,0.5,2.0,2.0,22.25,2024-06-11 13:55:00+00:00,2024-06-11 13:55:00+00:00,2024-06-11 13:57:00+00:00,2024-06-11 14:05:00+00:00,compression_breakout_short_open_dc47874f8303,-1,market,0.0,10,1,20,4,45365.0
513434,513435,513437,513437,closed,target,21262.75,21258.75,21262.5,21259.0,21282.75,21258.75,4.0,3.5,3.0,60.0,10.0,0.5,3.0,3.0,16.0,2024-06-13 14:20:00+00:00,2024-06-13 14:20:00+00:00,2024-06-13 14:23:00+00:00,2024-06-13 14:30:00+00:00,compression_breakout_short_open_dc47874f8303,-1,market,0.0,10,1,20,4,45425.0
513437,513438,513438,513438,closed,target,21254.0,21250.0,21253.75,21250.25,21274.0,21250.0,4.0,3.5,3.0,60.0,10.0,0.5,1.0,1.0,2.0,2024-06-13 14:23:00+00:00,2024-06-13 14:23:00+00:00,2024-06-13 14:24:00+00:00,2024-06-13 14:33:00+00:00,compression_breakout_short_open_dc47874f8303,-1,market,0.0,10,1,20,4,45485.0
513438,513439,513443,513443,closed,stop,21232.0,21252.0,21231.75,21252.25,21252.0,21228.0,-20.0,-20.5,-21.0,-420.0,10.0,0.5,5.0,5.0,23.0,2024-06-13 14:24:00+00:00,2024-06-13 14:24:00+00:00,2024-06-13 14:29:00+00:00,2024-06-13 14:34:00+00:00,compression_breakout_short_open_dc47874f8303,-1,market,0.0,10,1,20,4,45065.0
517550,517551,517552,517552,closed,target,21603.5,21599.5,21603.25,21599.75,21623.5,21599.5,4.0,3.5,3.0,60.0,10.0,0.5,2.0,2.0,3.5,2024-06-18 14:43:00+00:00,2024-06-18 14:43:00+00:00,2024-06-18 14:45:00+00:00,2024-06-18 14:53:00+00:00,compression_breakout_short_open_dc47874f8303,-1,market,0.0,10,1,20,4,45125.0
520031,520032,520032,520032,closed,target,21565.0,21561.0,21564.75,21561.25,21585.0,21561.0,4.0,3.5,3.0,60.0,10.0,0.5,1.0,1.0,0.75,2024-06-20 14:19:00+00:00,2024-06-20 14:19:00+00:00,2024-06-20 14:20:00+00:00,2024-06-20 14:29:00+00:00,compression_breakout_short_open_dc47874f8303,-1,market,0.0,10,1,20,4,45185.0
520032,520033,520033,520033,closed,target,21556.0,21552.0,21555.75,21552.25,21576.0,21552.0,4.0,3.5,3.0,60.0,10.0,0.5,1.0,1.0,9.5,2024-06-20 14:20:00+00:00,2024-06-20 14:20:00+00:00,2024-06-20 14:21:00+00:00,2024-06-20 14:30:00+00:00,compression_breakout_short_open_dc47874f8303,-1,market,0.0,10,1,20,4,45245.0
522788,522789,522789,522789,closed,target,21279.5,21275.5,21279.25,21275.75,21299.5,21275.5,4.0,3.5,3.0,60.0,10.0,0.5,1.0,1.0,0.75,2024-06-24 14:49:00+00:00,2024-06-24 14:49:00+00:00,2024-06-24 14:50:00+00:00,2024-06-24 14:59:00+00:00,compression_breakout_short_open_dc47874f8303,-1,market,0.0,10,1,20,4,45305.0
528250,528251,528251,528251,closed,target,21605.5,21601.5,21605.25,21601.75,21625.5,21601.5,4.0,3.5,3.0,60.0,10.0,0.5,1.0,1.0,9.75,2024-06-28 14:51:00+00:00,2024-06-28 14:51:00+00:00,2024-06-28 14:52:00+00:00,2024-06-28 15:01:00+00:00,compression_breakout_short_open_dc47874f8303,-1,market,0.0,10,1,20,4,45365.0
535936,535937,535937,535937,closed,target,22040.75,22036.75,22040.5,22037.0,22060.75,22036.75,4.0,3.5,3.0,60.0,10.0,0.5,1.0,1.0,8.25,2024-07-08 14:01:00+00:00,2024-07-08 14:01:00+00:00,2024-07-08 14:02:00+00:00,2024-07-08 14:11:00+00:00,compression_breakout_short_open_dc47874f8303,-1,market,0.0,10,1,20,4,45425.0
540051,540052,540052,540052,closed,target,22098.75,22094.75,22098.5,22095.0,22118.75,22094.75,4.0,3.5,3.0,60.0,10.0,0.5,1.0,1.0,15.75,2024-07-11 14:22:00+00:00,2024-07-11 14:22:00+00:00,2024-07-11 14:23:00+00:00,2024-07-11 14:32:00+00:00,compression_breakout_short_open_dc47874f8303,-1,market,0.0,10,1,20,4,45485.0
544133,544134,544134,544134,closed,target,21929.0,21925.0,21928.75,21925.25,21949.0,21925.0,4.0,3.5,3.0,60.0,10.0,0.5,1.0,1.0,16.25,2024-07-16 14:09:00+00:00,2024-07-16 14:09:00+00:00,2024-07-16 14:10:00+00:00,2024-07-16 14:19:00+00:00,compression_breakout_short_open_dc47874f8303,-1,market,0.0,10,1,20,4,45545.0
546895,546896,546896,546896,closed,target,21358.5,21354.5,21358.25,21354.75,21378.5,21354.5,4.0,3.5,3.0,60.0,10.0,0.5,1.0,1.0,0.75,2024-07-18 14:41:00+00:00,2024-07-18 14:41:00+00:00,2024-07-18 14:42:00+00:00,2024-07-18 14:51:00+00:00,compression_breakout_short_open_dc47874f8303,-1,market,0.0,10,1,20,4,45605.0
546896,546897,546897,546897,closed,target,21342.25,21338.25,21342.0,21338.5,21362.25,21338.25,4.0,3.5,3.0,60.0,10.0,0.5,1.0,1.0,8.25,2024-07-18 14:42:00+00:00,2024-07-18 14:42:00+00:00,2024-07-18 14:43:00+00:00,2024-07-18 14:52:00+00:00,compression_breakout_short_open_dc47874f8303,-1,market,0.0,10,1,20,4,45665.0
549581,549582,549584,549584,closed,target,21342.75,21338.75,21342.5,21339.0,21362.75,21338.75,4.0,3.5,3.0,60.0,10.0,0.5,3.0,3.0,17.5,2024-07-22 14:07:00+00:00,2024-07-22 14:07:00+00:00,2024-07-22 14:10:00+00:00,2024-07-22 14:17:00+00:00,compression_breakout_short_open_dc47874f8303,-1,market,0.0,10,1,20,4,45725.0
553673,553674,553675,553675,closed,stop,20406.25,20426.25,20406.0,20426.5,20426.25,20402.25,-20.0,-20.5,-21.0,-420.0,10.0,0.5,2.0,2.0,62.0,2024-07-25 14:04:00+00:00,2024-07-25 14:04:00+00:00,2024-07-25 14:06:00+00:00,2024-07-25 14:14:00+00:00,compression_breakout_short_open_dc47874f8303,-1,market,0.0,10,1,20,4,45305.0
557753,557754,557754,557754,closed,target,20647.5,20643.5,20647.25,20643.75,20667.5,20643.5,4.0,3.5,3.0,60.0,10.0,0.5,1.0,1.0,8.5,2024-07-30 13:56:00+00:00,2024-07-30 13:56:00+00:00,2024-07-30 13:57:00+00:00,2024-07-30 14:06:00+00:00,compression_breakout_short_open_dc47874f8303,-1,market,0.0,10,1,20,4,45365.0
557759,557760,557760,557760,closed,target,20615.0,20611.0,20614.75,20611.25,20635.0,20611.0,4.0,3.5,3.0,60.0,10.0,0.5,1.0,1.0,5.0,2024-07-30 14:02:00+00:00,2024-07-30 14:02:00+00:00,2024-07-30 14:03:00+00:00,2024-07-30 14:12:00+00:00,compression_breakout_short_open_dc47874f8303,-1,market,0.0,10,1,20,4,45425.0
557792,557793,557793,557793,closed,target,20583.25,20579.25,20583.0,20579.5,20603.25,20579.25,4.0,3.5,3.0,60.0,10.0,0.5,1.0,1.0,6.75,2024-07-30 14:35:00+00:00,2024-07-30 14:35:00+00:00,2024-07-30 14:36:00+00:00,2024-07-30 14:45:00+00:00,compression_breakout_short_open_dc47874f8303,-1,market,0.0,10,1,20,4,45485.0
557793,557794,557794,557794,closed,target,20561.5,20557.5,20561.25,20557.75,20581.5,20557.5,4.0,3.5,3.0,60.0,10.0,0.5,1.0,1.0,6.25,2024-07-30 14:36:00+00:00,2024-07-30 14:36:00+00:00,2024-07-30 14:37:00+00:00,2024-07-30 14:46:00+00:00,compression_breakout_short_open_dc47874f8303,-1,market,0.0,10,1,20,4,45545.0
560517,560518,560518,560518,closed,stop,20878.5,20898.5,20878.25,20898.75,20898.5,20874.5,-20.0,-20.5,-21.0,-420.0,10.0,0.5,1.0,1.0,26.0,2024-08-01 14:30:00+00:00,2024-08-01 14:30:00+00:00,2024-08-01 14:31:00+00:00,2024-08-01 14:40:00+00:00,compression_breakout_short_open_dc47874f8303,-1,market,0.0,10,1,20,4,45125.0
560524,560525,560525,560525,closed,target,20845.5,20841.5,20845.25,20841.75,20865.5,20841.5,4.0,3.5,3.0,60.0,10.0,0.5,1.0,1.0,19.0,2024-08-01 14:37:00+00:00,2024-08-01 14:37:00+00:00,2024-08-01 14:38:00+00:00,2024-08-01 14:47:00+00:00,compression_breakout_short_open_dc47874f8303,-1,market,0.0,10,1,20,4,45185.0
561864,561865,561865,561865,closed,target,19856.75,19852.75,19856.5,19853.0,19876.75,19852.75,4.0,3.5,3.0,60.0,10.0,0.5,1.0,1.0,9.25,2024-08-02 14:12:00+00:00,2024-08-02 14:12:00+00:00,2024-08-02 14:13:00+00:00,2024-08-02 14:22:00+00:00,compression_breakout_short_open_dc47874f8303,-1,market,0.0,10,1,20,4,45245.0
561865,561866,561866,561866,closed,stop,19847.75,19867.75,19847.5,19868.0,19867.75,19843.75,-20.0,-20.5,-21.0,-420.0,10.0,0.5,1.0,1.0,28.0,2024-08-02 14:13:00+00:00,2024-08-02 14:13:00+00:00,2024-08-02 14:14:00+00:00,2024-08-02 14:23:00+00:00,compression_breakout_short_open_dc47874f8303,-1,market,0.0,10,1,20,4,44825.0
561867,561868,561868,561868,closed,stop,19829.5,19849.5,19829.25,19849.75,19849.5,19825.5,-20.0,-20.5,-21.0,-420.0,10.0,0.5,1.0,1.0,57.0,2024-08-02 14:15:00+00:00,2024-08-02 14:15:00+00:00,2024-08-02 14:16:00+00:00,2024-08-02 14:25:00+00:00,compression_breakout_short_open_dc47874f8303,-1,market,0.0,10,1,20,4,44405.0
582362,582363,582363,582363,closed,target,21201.75,21197.75,21201.5,21198.0,21221.75,21197.75,4.0,3.5,3.0,60.0,10.0,0.5,1.0,1.0,1.25,2024-08-23 14:47:00+00:00,2024-08-23 14:47:00+00:00,2024-08-23 14:48:00+00:00,2024-08-23 14:57:00+00:00,compression_breakout_short_open_dc47874f8303,-1,market,0.0,10,1,20,4,44465.0
583681,583682,583682,583682,closed,target,21139.75,21135.75,21139.5,21136.0,21159.75,21135.75,4.0,3.5,3.0,60.0,10.0,0.5,1.0,1.0,12.75,2024-08-26 14:02:00+00:00,2024-08-26 14:02:00+00:00,2024-08-26 14:03:00+00:00,2024-08-26 14:12:00+00:00,compression_breakout_short_open_dc47874f8303,-1,market,0.0,10,1,20,4,44525.0
583695,583696,583696,583696,closed,target,21067.5,21063.5,21067.25,21063.75,21087.5,21063.5,4.0,3.5,3.0,60.0,10.0,0.5,1.0,1.0,8.5,2024-08-26 14:16:00+00:00,2024-08-26 14:16:00+00:00,2024-08-26 14:17:00+00:00,2024-08-26 14:26:00+00:00,compression_breakout_short_open_dc47874f8303,-1,market,0.0,10,1,20,4,44585.0
583717,583718,583718,583718,closed,target,20970.25,20966.25,20970.0,20966.5,20990.25,20966.25,4.0,3.5,3.0,60.0,10.0,0.5,1.0,1.0,5.5,2024-08-26 14:38:00+00:00,2024-08-26 14:38:00+00:00,2024-08-26 14:39:00+00:00,2024-08-26 14:48:00+00:00,compression_breakout_short_open_dc47874f8303,-1,market,0.0,10,1,20,4,44645.0
583718,583719,583719,583719,closed,target,20956.5,20952.5,20956.25,20952.75,20976.5,20952.5,4.0,3.5,3.0,60.0,10.0,0.5,1.0,1.0,3.0,2024-08-26 14:39:00+00:00,2024-08-26 14:39:00+00:00,2024-08-26 14:40:00+00:00,2024-08-26 14:49:00+00:00,compression_breakout_short_open_dc47874f8303,-1,market,0.0,10,1,20,4,44705.0
590504,590505,590506,590506,closed,target,21052.5,21048.5,21052.25,21048.75,21072.5,21048.5,4.0,3.5,3.0,60.0,10.0,0.5,2.0,2.0,1.25,2024-09-02 14:00:00+00:00,2024-09-02 14:00:00+00:00,2024-09-02 14:02:00+00:00,2024-09-02 14:10:00+00:00,compression_breakout_short_open_dc47874f8303,-1,market,0.0,10,1,20,4,44765.0
590511,590512,590513,590513,closed,target,21042.0,21038.0,21041.75,21038.25,21062.0,21038.0,4.0,3.5,3.0,60.0,10.0,0.5,2.0,2.0,0.5,2024-09-02 14:07:00+00:00,2024-09-02 14:07:00+00:00,2024-09-02 14:09:00+00:00,2024-09-02 14:17:00+00:00,compression_breakout_short_open_dc47874f8303,-1,market,0.0,10,1,20,4,44825.0
590519,590520,590521,590521,closed,target,21034.75,21030.75,21034.5,21031.0,21054.75,21030.75,4.0,3.5,3.0,60.0,10.0,0.5,2.0,2.0,3.0,2024-09-02 14:15:00+00:00,2024-09-02 14:15:00+00:00,2024-09-02 14:17:00+00:00,2024-09-02 14:25:00+00:00,compression_breakout_short_open_dc47874f8303,-1,market,0.0,10,1,20,4,44885.0
590521,590522,590522,590522,closed,target,21029.25,21025.25,21029.0,21025.5,21049.25,21025.25,4.0,3.5,3.0,60.0,10.0,0.5,1.0,1.0,1.25,2024-09-02 14:17:00+00:00,2024-09-02 14:17:00+00:00,2024-09-02 14:18:00+00:00,2024-09-02 14:27:00+00:00,compression_breakout_short_open_dc47874f8303,-1,market,0.0,10,1,20,4,44945.0
590522,590523,590527,590527,closed,target,21025.75,21021.75,21025.5,21022.0,21045.75,21021.75,4.0,3.5,3.0,60.0,10.0,0.5,5.0,5.0,5.5,2024-09-02 14:18:00+00:00,2024-09-02 14:18:00+00:00,2024-09-02 14:23:00+00:00,2024-09-02 14:28:00+00:00,compression_breakout_short_open_dc47874f8303,-1,market,0.0,10,1,20,4,45005.0
591683,591684,591684,591684,closed,target,20676.25,20672.25,20676.0,20672.5,20696.25,20672.25,4.0,3.5,3.0,60.0,10.0,0.5,1.0,1.0,8.75,2024-09-03 14:40:00+00:00,2024-09-03 14:40:00+00:00,2024-09-03 14:41:00+00:00,2024-09-03 14:50:00+00:00,compression_breakout_short_open_dc47874f8303,-1,market,0.0,10,1,20,4,45065.0
591685,591686,591686,591686,closed,target,20669.5,20665.5,20669.25,20665.75,20689.5,20665.5,4.0,3.5,3.0,60.0,10.0,0.5,1.0,1.0,10.0,2024-09-03 14:42:00+00:00,2024-09-03 14:42:00+00:00,2024-09-03 14:43:00+00:00,2024-09-03 14:52:00+00:00,compression_breakout_short_open_dc47874f8303,-1,market,0.0,10,1,20,4,45125.0
591686,591687,591687,591687,closed,target,20667.0,20663.0,20666.75,20663.25,20687.0,20663.0,4.0,3.5,3.0,60.0,10.0,0.5,1.0,1.0,7.5,2024-09-03 14:43:00+00:00,2024-09-03 14:43:00+00:00,2024-09-03 14:44:00+00:00,2024-09-03 14:53:00+00:00,compression_breakout_short_open_dc47874f8303,-1,market,0.0,10,1,20,4,45185.0
591688,591689,591689,591689,closed,target,20657.0,20653.0,20656.75,20653.25,20677.0,20653.0,4.0,3.5,3.0,60.0,10.0,0.5,1.0,1.0,7.75,2024-09-03 14:45:00+00:00,2024-09-03 14:45:00+00:00,2024-09-03 14:46:00+00:00,2024-09-03 14:55:00+00:00,compression_breakout_short_open_dc47874f8303,-1,market,0.0,10,1,20,4,45245.0
591689,591690,591690,591690,closed,target,20647.0,20643.0,20646.75,20643.25,20667.0,20643.0,4.0,3.5,3.0,60.0,10.0,0.5,1.0,1.0,4.25,2024-09-03 14:46:00+00:00,2024-09-03 14:46:00+00:00,2024-09-03 14:47:00+00:00,2024-09-03 14:56:00+00:00,compression_breakout_short_open_dc47874f8303,-1,market,0.0,10,1,20,4,45305.0
593009,593010,593010,593010,closed,stop,20286.5,20306.5,20286.25,20306.75,20306.5,20282.5,-20.0,-20.5,-21.0,-420.0,10.0,0.5,1.0,1.0,38.5,2024-09-04 14:01:00+00:00,2024-09-04 14:01:00+00:00,2024-09-04 14:02:00+00:00,2024-09-04 14:11:00+00:00,compression_breakout_short_open_dc47874f8303,-1,market,0.0,10,1,20,4,44885.0
595772,595773,595773,595773,closed,target,20058.75,20054.75,20058.5,20055.0,20078.75,20054.75,4.0,3.5,3.0,60.0,10.0,0.5,1.0,1.0,5.25,2024-09-06 14:34:00+00:00,2024-09-06 14:34:00+00:00,2024-09-06 14:35:00+00:00,2024-09-06 14:44:00+00:00,compression_breakout_short_open_dc47874f8303,-1,market,0.0,10,1,20,4,44945.0
595773,595774,595774,595774,closed,target,20046.0,20042.0,20045.75,20042.25,20066.0,20042.0,4.0,3.5,3.0,60.0,10.0,0.5,1.0,1.0,1.25,2024-09-06 14:35:00+00:00,2024-09-06 14:35:00+00:00,2024-09-06 14:36:00+00:00,2024-09-06 14:45:00+00:00,compression_breakout_short_open_dc47874f8303,-1,market,0.0,10,1,20,4,45005.0
595774,595775,595777,595777,closed,stop,20038.25,20058.25,20038.0,20058.5,20058.25,20034.25,-20.0,-20.5,-21.0,-420.0,10.0,0.5,3.0,3.0,30.0,2024-09-06 14:36:00+00:00,2024-09-06 14:36:00+00:00,2024-09-06 14:39:00+00:00,2024-09-06 14:46:00+00:00,compression_breakout_short_open_dc47874f8303,-1,market,0.0,10,1,20,4,44585.0
595779,595780,595781,595781,closed,target,20020.25,20016.25,20020.0,20016.5,20040.25,20016.25,4.0,3.5,3.0,60.0,10.0,0.5,2.0,2.0,8.0,2024-09-06 14:41:00+00:00,2024-09-06 14:41:00+00:00,2024-09-06 14:43:00+00:00,2024-09-06 14:51:00+00:00,compression_breakout_short_open_dc47874f8303,-1,market,0.0,10,1,20,4,44645.0
595781,595782,595782,595782,closed,target,19995.75,19991.75,19995.5,19992.0,20015.75,19991.75,4.0,3.5,3.0,60.0,10.0,0.5,1.0,1.0,12.5,2024-09-06 14:43:00+00:00,2024-09-06 14:43:00+00:00,2024-09-06 14:44:00+00:00,2024-09-06 14:53:00+00:00,compression_breakout_short_open_dc47874f8303,-1,market,0.0,10,1,20,4,44705.0
595788,595789,595789,595789,closed,target,19973.25,19969.25,19973.0,19969.5,19993.25,19969.25,4.0,3.5,3.0,60.0,10.0,0.5,1.0,1.0,11.0,2024-09-06 14:50:00+00:00,2024-09-06 14:50:00+00:00,2024-09-06 14:51:00+00:00,2024-09-06 15:00:00+00:00,compression_breakout_short_open_dc47874f8303,-1,market,0.0,10,1,20,4,44765.0
595793,595794,595794,595794,closed,target,19947.0,19943.0,19946.75,19943.25,19967.0,19943.0,4.0,3.5,3.0,60.0,10.0,0.5,1.0,1.0,12.5,2024-09-06 14:55:00+00:00,2024-09-06 14:55:00+00:00,2024-09-06 14:56:00+00:00,2024-09-06 15:05:00+00:00,compression_breakout_short_open_dc47874f8303,-1,market,0.0,10,1,20,4,44825.0
595794,595795,595796,595796,closed,target,19942.75,19938.75,19942.5,19939.0,19962.75,19938.75,4.0,3.5,3.0,60.0,10.0,0.5,2.0,2.0,12.75,2024-09-06 14:56:00+00:00,2024-09-06 14:56:00+00:00,2024-09-06 14:58:00+00:00,2024-09-06 15:06:00+00:00,compression_breakout_short_open_dc47874f8303,-1,market,0.0,10,1,20,4,44885.0
597134,597135,597137,597137,closed,target,20016.5,20012.5,20016.25,20012.75,20036.5,20012.5,4.0,3.5,3.0,60.0,10.0,0.5,3.0,3.0,15.0,2024-09-09 14:31:00+00:00,2024-09-09 14:31:00+00:00,2024-09-09 14:34:00+00:00,2024-09-09 14:41:00+00:00,compression_breakout_short_open_dc47874f8303,-1,market,0.0,10,1,20,4,44945.0
597142,597143,597143,597143,closed,target,19987.5,19983.5,19987.25,19983.75,20007.5,19983.5,4.0,3.5,3.0,60.0,10.0,0.5,1.0,1.0,7.25,2024-09-09 14:39:00+00:00,2024-09-09 14:39:00+00:00,2024-09-09 14:40:00+00:00,2024-09-09 14:49:00+00:00,compression_breakout_short_open_dc47874f8303,-1,market,0.0,10,1,20,4,45005.0
599864,599865,599865,599865,closed,target,20056.0,20052.0,20055.75,20052.25,20076.0,20052.0,4.0,3.5,3.0,60.0,10.0,0.5,1.0,1.0,10.75,2024-09-11 14:31:00+00:00,2024-09-11 14:31:00+00:00,2024-09-11 14:32:00+00:00,2024-09-11 14:41:00+00:00,compression_breakout_short_open_dc47874f8303,-1,market,0.0,10,1,20,4,45065.0
599877,599878,599878,599878,closed,target,20012.75,20008.75,20012.5,20009.0,20032.75,20008.75,4.0,3.5,3.0,60.0,10.0,0.5,1.0,1.0,11.5,2024-09-11 14:44:00+00:00,2024-09-11 14:44:00+00:00,2024-09-11 14:45:00+00:00,2024-09-11 14:54:00+00:00,compression_breakout_short_open_dc47874f8303,-1,market,0.0,10,1,20,4,45125.0
599886,599887,599889,599889,closed,target,19990.25,19986.25,19990.0,19986.5,20010.25,19986.25,4.0,3.5,3.0,60.0,10.0,0.5,3.0,3.0,15.75,2024-09-11 14:53:00+00:00,2024-09-11 14:53:00+00:00,2024-09-11 14:56:00+00:00,2024-09-11 15:03:00+00:00,compression_breakout_short_open_dc47874f8303,-1,market,0.0,10,1,20,4,45185.0
614824,614825,614825,614825,closed,target,21610.25,21606.25,21610.0,21606.5,21630.25,21606.25,4.0,3.5,3.0,60.0,10.0,0.5,1.0,1.0,15.75,2024-09-26 13:49:00+00:00,2024-09-26 13:49:00+00:00,2024-09-26 13:50:00+00:00,2024-09-26 13:59:00+00:00,compression_breakout_short_open_dc47874f8303,-1,market,0.0,10,1,20,4,45245.0
617590,617591,617591,617591,closed,target,21339.75,21335.75,21339.5,21336.0,21359.75,21335.75,4.0,3.5,3.0,60.0,10.0,0.5,1.0,1.0,5.0,2024-09-30 14:25:00+00:00,2024-09-30 14:25:00+00:00,2024-09-30 14:26:00+00:00,2024-09-30 14:35:00+00:00,compression_breakout_short_open_dc47874f8303,-1,market,0.0,10,1,20,4,45305.0
618918,618919,618919,618919,closed,target,21237.25,21233.25,21237.0,21233.5,21257.25,21233.25,4.0,3.5,3.0,60.0,10.0,0.5,1.0,1.0,6.5,2024-10-01 13:48:00+00:00,2024-10-01 13:48:00+00:00,2024-10-01 13:49:00+00:00,2024-10-01 13:58:00+00:00,compression_breakout_short_open_dc47874f8303,-1,market,0.0,10,1,20,4,45365.0
618921,618922,618922,618922,closed,target,21227.25,21223.25,21227.0,21223.5,21247.25,21223.25,4.0,3.5,3.0,60.0,10.0,0.5,1.0,1.0,3.5,2024-10-01 13:51:00+00:00,2024-10-01 13:51:00+00:00,2024-10-01 13:52:00+00:00,2024-10-01 14:01:00+00:00,compression_breakout_short_open_dc47874f8303,-1,market,0.0,10,1,20,4,45425.0
618923,618924,618924,618924,closed,stop,21196.0,21216.0,21195.75,21216.25,21216.0,21192.0,-20.0,-20.5,-21.0,-420.0,10.0,0.5,1.0,1.0,29.75,2024-10-01 13:53:00+00:00,2024-10-01 13:53:00+00:00,2024-10-01 13:54:00+00:00,2024-10-01 14:03:00+00:00,compression_breakout_short_open_dc47874f8303,-1,market,0.0,10,1,20,4,45005.0
618948,618949,618949,618949,closed,target,21113.0,21109.0,21112.75,21109.25,21133.0,21109.0,4.0,3.5,3.0,60.0,10.0,0.5,1.0,1.0,14.0,2024-10-01 14:18:00+00:00,2024-10-01 14:18:00+00:00,2024-10-01 14:19:00+00:00,2024-10-01 14:28:00+00:00,compression_breakout_short_open_dc47874f8303,-1,market,0.0,10,1,20,4,45065.0
623034,623035,623035,623035,closed,target,21245.75,21241.75,21245.5,21242.0,21265.75,21241.75,4.0,3.5,3.0,60.0,10.0,0.5,1.0,1.0,1.0,2024-10-04 14:09:00+00:00,2024-10-04 14:09:00+00:00,2024-10-04 14:10:00+00:00,2024-10-04 14:19:00+00:00,compression_breakout_short_open_dc47874f8303,-1,market,0.0,10,1,20,4,45125.0
632601,632602,632608,632608,closed,stop,21752.0,21772.0,21751.75,21772.25,21772.0,21748.0,-20.0,-20.5,-21.0,-420.0,10.0,0.5,7.0,7.0,24.0,2024-10-15 14:21:00+00:00,2024-10-15 14:21:00+00:00,2024-10-15 14:28:00+00:00,2024-10-15 14:31:00+00:00,compression_breakout_short_open_dc47874f8303,-1,market,0.0,10,1,20,4,44705.0
632609,632610,632610,632610,closed,target,21736.5,21732.5,21736.25,21732.75,21756.5,21732.5,4.0,3.5,3.0,60.0,10.0,0.5,1.0,1.0,5.75,2024-10-15 14:29:00+00:00,2024-10-15 14:29:00+00:00,2024-10-15 14:30:00+00:00,2024-10-15 14:39:00+00:00,compression_breakout_short_open_dc47874f8303,-1,market,0.0,10,1,20,4,44765.0
638077,638078,638078,638078,closed,target,21671.75,21667.75,21671.5,21668.0,21691.75,21667.75,4.0,3.5,3.0,60.0,10.0,0.5,1.0,1.0,5.25,2024-10-21 14:38:00+00:00,2024-10-21 14:38:00+00:00,2024-10-21 14:39:00+00:00,2024-10-21 14:48:00+00:00,compression_breakout_short_open_dc47874f8303,-1,market,0.0,10,1,20,4,44825.0
644834,644835,644835,644835,closed,target,21782.75,21778.75,21782.5,21779.0,21802.75,21778.75,4.0,3.5,3.0,60.0,10.0,0.5,1.0,1.0,9.5,2024-10-28 13:31:00+00:00,2024-10-28 13:31:00+00:00,2024-10-28 13:32:00+00:00,2024-10-28 13:41:00+00:00,compression_breakout_short_open_dc47874f8303,-1,market,0.0,10,1,20,4,44885.0
648944,648945,648945,648945,closed,target,21438.0,21434.0,21437.75,21434.25,21458.0,21434.0,4.0,3.5,3.0,60.0,10.0,0.5,1.0,1.0,1.0,2024-10-31 13:46:00+00:00,2024-10-31 13:46:00+00:00,2024-10-31 13:47:00+00:00,2024-10-31 13:56:00+00:00,compression_breakout_short_open_dc47874f8303,-1,market,0.0,10,1,20,4,44945.0
655817,655818,655818,655818,closed,target,22290.5,22286.5,22290.25,22286.75,22310.5,22286.5,4.0,3.5,3.0,60.0,10.0,0.5,1.0,1.0,6.25,2024-11-07 15:34:00+00:00,2024-11-07 15:34:00+00:00,2024-11-07 15:35:00+00:00,2024-11-07 15:44:00+00:00,compression_breakout_short_open_dc47874f8303,-1,market,0.0,10,1,20,4,45005.0
658511,658512,658515,658515,closed,target,22367.5,22363.5,22367.25,22363.75,22387.5,22363.5,4.0,3.5,3.0,60.0,10.0,0.5,4.0,4.0,15.0,2024-11-11 14:58:00+00:00,2024-11-11 14:58:00+00:00,2024-11-11 15:02:00+00:00,2024-11-11 15:08:00+00:00,compression_breakout_short_open_dc47874f8303,-1,market,0.0,10,1,20,4,45065.0
658515,658516,658519,658519,closed,target,22360.25,22356.25,22360.0,22356.5,22380.25,22356.25,4.0,3.5,3.0,60.0,10.0,0.5,4.0,4.0,13.0,2024-11-11 15:02:00+00:00,2024-11-11 15:02:00+00:00,2024-11-11 15:06:00+00:00,2024-11-11 15:12:00+00:00,compression_breakout_short_open_dc47874f8303,-1,market,0.0,10,1,20,4,45125.0
658519,658520,658522,658522,closed,stop,22354.25,22374.25,22354.0,22374.5,22374.25,22350.25,-20.0,-20.5,-21.0,-420.0,10.0,0.5,3.0,3.0,26.5,2024-11-11 15:06:00+00:00,2024-11-11 15:06:00+00:00,2024-11-11 15:09:00+00:00,2024-11-11 15:16:00+00:00,compression_breakout_short_open_dc47874f8303,-1,market,0.0,10,1,20,4,44705.0
663981,663982,663982,663982,closed,target,21862.25,21858.25,21862.0,21858.5,21882.25,21858.25,4.0,3.5,3.0,60.0,10.0,0.5,1.0,1.0,7.5,2024-11-15 15:08:00+00:00,2024-11-15 15:08:00+00:00,2024-11-15 15:09:00+00:00,2024-11-15 15:18:00+00:00,compression_breakout_short_open_dc47874f8303,-1,market,0.0,10,1,20,4,44765.0
663982,663983,663983,663983,closed,target,21853.75,21849.75,21853.5,21850.0,21873.75,21849.75,4.0,3.5,3.0,60.0,10.0,0.5,1.0,1.0,1.25,2024-11-15 15:09:00+00:00,2024-11-15 15:09:00+00:00,2024-11-15 15:10:00+00:00,2024-11-15 15:19:00+00:00,compression_breakout_short_open_dc47874f8303,-1,market,0.0,10,1,20,4,44825.0
663996,663997,663999,663999,closed,stop,21781.5,21801.5,21781.25,21801.75,21801.5,21777.5,-20.0,-20.5,-21.0,-420.0,10.0,0.5,3.0,3.0,27.75,2024-11-15 15:23:00+00:00,2024-11-15 15:23:00+00:00,2024-11-15 15:26:00+00:00,2024-11-15 15:33:00+00:00,compression_breakout_short_open_dc47874f8303,-1,market,0.0,10,1,20,4,44405.0
664009,664010,664010,664010,closed,target,21773.0,21769.0,21772.75,21769.25,21793.0,21769.0,4.0,3.5,3.0,60.0,10.0,0.5,1.0,1.0,4.75,2024-11-15 15:36:00+00:00,2024-11-15 15:36:00+00:00,2024-11-15 15:37:00+00:00,2024-11-15 15:46:00+00:00,compression_breakout_short_open_dc47874f8303,-1,market,0.0,10,1,20,4,44465.0
668085,668086,668086,668086,closed,target,21715.0,21711.0,21714.75,21711.25,21735.0,21711.0,4.0,3.5,3.0,60.0,10.0,0.5,1.0,1.0,3.75,2024-11-20 15:17:00+00:00,2024-11-20 15:17:00+00:00,2024-11-20 15:18:00+00:00,2024-11-20 15:27:00+00:00,compression_breakout_short_open_dc47874f8303,-1,market,0.0,10,1,20,4,44525.0
668086,668087,668089,668089,closed,target,21706.75,21702.75,21706.5,21703.0,21726.75,21702.75,4.0,3.5,3.0,60.0,10.0,0.5,3.0,3.0,16.0,2024-11-20 15:18:00+00:00,2024-11-20 15:18:00+00:00,2024-11-20 15:21:00+00:00,2024-11-20 15:28:00+00:00,compression_breakout_short_open_dc47874f8303,-1,market,0.0,10,1,20,4,44585.0
668089,668090,668090,668090,closed,stop,21680.25,21700.25,21680.0,21700.5,21700.25,21676.25,-20.0,-20.5,-21.0,-420.0,10.0,0.5,1.0,1.0,28.75,2024-11-20 15:21:00+00:00,2024-11-20 15:21:00+00:00,2024-11-20 15:22:00+00:00,2024-11-20 15:31:00+00:00,compression_breakout_short_open_dc47874f8303,-1,market,0.0,10,1,20,4,44165.0
669440,669441,669441,669441,closed,target,21795.75,21791.75,21795.5,21792.0,21815.75,21791.75,4.0,3.5,3.0,60.0,10.0,0.5,1.0,1.0,6.25,2024-11-21 15:07:00+00:00,2024-11-21 15:07:00+00:00,2024-11-21 15:08:00+00:00,2024-11-21 15:17:00+00:00,compression_breakout_short_open_dc47874f8303,-1,market,0.0,10,1,20,4,44225.0
669441,669442,669442,669442,closed,stop,21777.0,21797.0,21776.75,21797.25,21797.0,21773.0,-20.0,-20.5,-21.0,-420.0,10.0,0.5,1.0,1.0,37.75,2024-11-21 15:08:00+00:00,2024-11-21 15:08:00+00:00,2024-11-21 15:09:00+00:00,2024-11-21 15:18:00+00:00,compression_breakout_short_open_dc47874f8303,-1,market,0.0,10,1,20,4,43805.0
670821,670822,670822,670822,closed,stop,21941.75,21961.75,21941.5,21962.0,21961.75,21937.75,-20.0,-20.5,-21.0,-420.0,10.0,0.5,1.0,1.0,41.0,2024-11-22 15:23:00+00:00,2024-11-22 15:23:00+00:00,2024-11-22 15:24:00+00:00,2024-11-22 15:33:00+00:00,compression_breakout_short_open_dc47874f8303,-1,market,0.0,10,1,20,4,43385.0
674894,674895,674895,674895,closed,stop,22027.25,22047.25,22027.0,22047.5,22047.25,22023.25,-20.0,-20.5,-21.0,-420.0,10.0,0.5,1.0,1.0,22.5,2024-11-27 15:02:00+00:00,2024-11-27 15:02:00+00:00,2024-11-27 15:03:00+00:00,2024-11-27 15:12:00+00:00,compression_breakout_short_open_dc47874f8303,-1,market,0.0,10,1,20,4,42965.0
682628,682629,682633,682633,closed,stop,22699.0,22719.0,22698.75,22719.25,22719.0,22695.0,-20.0,-20.5,-21.0,-420.0,10.0,0.5,5.0,5.0,22.0,2024-12-05 14:57:00+00:00,2024-12-05 14:57:00+00:00,2024-12-05 15:02:00+00:00,2024-12-05 15:07:00+00:00,compression_breakout_short_open_dc47874f8303,-1,market,0.0,10,1,20,4,42545.0
690858,690859,690859,690859,closed,target,22993.5,22989.5,22993.25,22989.75,23013.5,22989.5,4.0,3.5,3.0,60.0,10.0,0.5,1.0,1.0,4.25,2024-12-13 15:38:00+00:00,2024-12-13 15:38:00+00:00,2024-12-13 15:39:00+00:00,2024-12-13 15:48:00+00:00,compression_breakout_short_open_dc47874f8303,-1,market,0.0,10,1,20,4,42605.0
696268,696269,696269,696269,closed,stop,22474.25,22494.25,22474.0,22494.5,22494.25,22470.25,-20.0,-20.5,-21.0,-420.0,10.0,0.5,1.0,1.0,20.75,2024-12-19 14:55:00+00:00,2024-12-19 14:55:00+00:00,2024-12-19 14:56:00+00:00,2024-12-19 15:05:00+00:00,compression_breakout_short_open_dc47874f8303,-1,market,0.0,10,1,20,4,42185.0
696275,696276,696276,696276,closed,stop,22462.0,22482.0,22461.75,22482.25,22482.0,22458.0,-20.0,-20.5,-21.0,-420.0,10.0,0.5,1.0,1.0,32.0,2024-12-19 15:02:00+00:00,2024-12-19 15:02:00+00:00,2024-12-19 15:03:00+00:00,2024-12-19 15:12:00+00:00,compression_breakout_short_open_dc47874f8303,-1,market,0.0,10,1,20,4,41765.0
696310,696311,696311,696311,closed,stop,22385.75,22405.75,22385.5,22406.0,22405.75,22381.75,-20.0,-20.5,-21.0,-420.0,10.0,0.5,1.0,1.0,43.0,2024-12-19 15:37:00+00:00,2024-12-19 15:37:00+00:00,2024-12-19 15:38:00+00:00,2024-12-19 15:47:00+00:00,compression_breakout_short_open_dc47874f8303,-1,market,0.0,10,1,20,4,41345.0
702857,702858,702858,702858,closed,stop,22593.75,22613.75,22593.5,22614.0,22613.75,22589.75,-20.0,-20.5,-21.0,-420.0,10.0,0.5,1.0,1.0,29.0,2024-12-27 14:45:00+00:00,2024-12-27 14:45:00+00:00,2024-12-27 14:46:00+00:00,2024-12-27 14:55:00+00:00,compression_breakout_short_open_dc47874f8303,-1,market,0.0,10,1,20,4,40925.0
702873,702874,702874,702874,closed,target,22567.0,22563.0,22566.75,22563.25,22587.0,22563.0,4.0,3.5,3.0,60.0,10.0,0.5,1.0,1.0,6.75,2024-12-27 15:01:00+00:00,2024-12-27 15:01:00+00:00,2024-12-27 15:02:00+00:00,2024-12-27 15:11:00+00:00,compression_breakout_short_open_dc47874f8303,-1,market,0.0,10,1,20,4,40985.0
702889,702890,702890,702890,closed,target,22459.75,22455.75,22459.5,22456.0,22479.75,22455.75,4.0,3.5,3.0,60.0,10.0,0.5,1.0,1.0,6.25,2024-12-27 15:17:00+00:00,2024-12-27 15:17:00+00:00,2024-12-27 15:18:00+00:00,2024-12-27 15:27:00+00:00,compression_breakout_short_open_dc47874f8303,-1,market,0.0,10,1,20,4,41045.0
702890,702891,702894,702894,closed,stop,22430.75,22450.75,22430.5,22451.0,22450.75,22426.75,-20.0,-20.5,-21.0,-420.0,10.0,0.5,4.0,4.0,42.0,2024-12-27 15:18:00+00:00,2024-12-27 15:18:00+00:00,2024-12-27 15:22:00+00:00,2024-12-27 15:28:00+00:00,compression_breakout_short_open_dc47874f8303,-1,market,0.0,10,1,20,4,40625.0
